test_seed,noise_floor,trial,ls_full_ao_rate,ml_direct_rate,perfect_csi_rate,random_rzf_rate,ls_ao1_rate,ml_ao1_rate,ml_minus_ls_diff,ml_over_ls_ratio,time_ml_direct,time_ls_full,time_ls_est,time_ml_ao1,time_ls_ao1
100000,-100.0,0,33.4437,18.3456,33.9670,4.2857,22.6463,22.9665,-15.0981,0.5486,0.086129,11.3613,0.066745,2.0477,1.6476
100001,-100.0,1,40.2783,16.9973,44.6837,1.5920,26.8647,20.1144,-23.2810,0.4220,0.002221,11.3887,0.044277,1.4521,1.7094
100002,-100.0,2,16.9086,22.1153,34.7552,1.3278,17.0070,8.4388,+5.2067,1.3079,0.001572,7.4539,0.040124,1.3762,1.3090
100003,-100.0,3,27.8132,22.6045,34.1214,1.3422,25.2692,18.7343,-5.2086,0.8127,0.002081,10.4194,0.045680,1.4746,1.8428
100004,-100.0,4,24.3797,24.3925,31.7584,0.7373,17.5952,27.0566,+0.0128,1.0005,0.002754,9.9560,0.046033,1.4723,1.3713
100005,-100.0,5,32.5712,22.4777,37.6277,3.7318,26.4679,26.3357,-10.0935,0.6901,0.001559,7.4428,0.046048,1.1552,1.2911
100006,-100.0,6,32.4327,26.1965,33.5662,4.2003,22.8038,23.3486,-6.2362,0.8077,0.002689,12.7023,0.045361,1.6141,1.2797
100007,-100.0,7,29.8946,22.2301,35.4650,3.8760,21.0976,25.4369,-7.6645,0.7436,0.001467,10.4968,0.050206,1.3662,1.5690
100008,-100.0,8,19.8729,19.9924,30.9492,2.3218,15.8763,18.1456,+0.1195,1.0060,0.002597,8.0032,0.045113,1.3166,1.2567
100009,-100.0,9,34.6455,24.3045,39.3620,1.2568,21.1462,23.1794,-10.3410,0.7015,0.002128,14.3195,0.044724,1.3141,1.3379
100010,-100.0,10,31.8760,24.2758,39.9301,1.3024,25.7080,26.7471,-7.6002,0.7616,0.001561,10.4418,0.052045,1.3193,1.4138
100011,-100.0,11,19.1873,23.4537,38.6995,1.8530,24.7547,14.5543,+4.2664,1.2224,0.002493,9.9383,0.047957,1.3489,1.3625
100012,-100.0,12,31.8075,22.9364,33.8140,1.5300,22.1164,26.2699,-8.8711,0.7211,0.002015,7.8774,0.042090,1.6084,1.5223
100013,-100.0,13,34.3431,21.6884,36.9704,1.1910,24.7348,30.4746,-12.6547,0.6315,0.002215,7.9614,0.045036,1.2753,1.3428
100014,-100.0,14,29.3620,18.9061,37.7811,3.3939,19.5499,21.3516,-10.4560,0.6439,0.001924,13.6439,0.042898,1.4667,1.4862
100015,-100.0,15,27.6434,28.1619,39.4175,0.9470,24.9451,21.3080,+0.5186,1.0188,0.002306,8.1864,0.048470,1.7143,1.9929
100016,-100.0,16,30.3323,19.5465,34.7282,1.7721,22.7925,18.9120,-10.7858,0.6444,0.002260,11.6369,0.045553,1.2916,1.3427
100017,-100.0,17,18.5282,22.1746,37.9614,1.2416,17.9142,20.7716,+3.6464,1.1968,0.002117,11.6641,0.045608,1.2639,1.1908
100018,-100.0,18,20.6575,26.1325,39.0637,4.0347,25.5717,16.4829,+5.4750,1.2650,0.005139,8.1965,0.041273,1.4407,1.3929
100019,-100.0,19,31.3146,20.0062,33.5919,1.5139,25.1517,24.9941,-11.3084,0.6389,0.004842,7.8626,0.043130,1.1208,1.5045
100020,-100.0,20,4.9196,20.5991,30.0432,0.6031,3.7428,8.0518,+15.6796,4.1872,0.001580,11.7036,0.040388,1.2881,1.1642
100021,-100.0,21,25.5019,20.3473,30.5336,1.3629,18.7982,15.0338,-5.1546,0.7979,0.001698,12.0158,0.044721,1.3607,1.4892
100022,-100.0,22,29.7963,19.8216,34.0846,1.6917,26.1789,27.4232,-9.9747,0.6652,0.003924,7.8240,0.038784,1.5245,1.3382
100023,-100.0,23,31.4551,25.7868,39.6461,2.4592,23.9199,18.8445,-5.6682,0.8198,0.001620,10.7513,0.041429,1.3468,1.2532
100024,-100.0,24,45.1924,26.5701,46.5179,1.4238,38.8446,37.2123,-18.6223,0.5879,0.002472,11.3805,0.045746,1.4958,1.2697
100025,-100.0,25,34.0561,24.9107,38.2512,0.7047,27.3042,32.4859,-9.1454,0.7315,0.002206,16.4349,0.041545,1.2362,1.5711
100026,-100.0,26,28.7518,22.7940,32.6559,0.4431,25.3152,22.5629,-5.9578,0.7928,0.002906,9.1808,0.042145,1.1613,1.3028
100027,-100.0,27,30.0771,24.6985,33.4981,3.7477,25.0162,21.3514,-5.3786,0.8212,0.001609,8.0500,0.040307,1.3842,1.4300
100028,-100.0,28,41.7139,23.6860,43.5915,2.2341,34.8370,27.1420,-18.0279,0.5678,0.001976,7.4748,0.046537,1.2266,1.4512
100029,-100.0,29,24.4288,19.1193,33.1040,1.5725,18.1789,22.4389,-5.3095,0.7827,0.001893,7.4343,0.047657,1.7801,1.4880
100030,-100.0,30,25.1902,24.5206,34.5504,1.6692,18.9242,17.2811,-0.6696,0.9734,0.003006,7.5917,0.051847,1.2388,1.3775
100031,-100.0,31,14.8528,23.6058,35.9870,1.2456,15.6225,9.0762,+8.7530,1.5893,0.003759,15.1282,0.043863,1.3079,1.3838
100032,-100.0,32,30.7678,21.8302,35.5752,2.4567,28.4360,25.9401,-8.9376,0.7095,0.004890,6.1211,0.042469,1.6499,1.3564
100033,-100.0,33,32.2237,24.5807,33.5621,1.1645,23.9808,21.9492,-7.6430,0.7628,0.002277,8.4934,0.040504,1.4407,1.4047
100034,-100.0,34,5.9895,26.8329,33.1653,2.3041,6.4895,9.9929,+20.8434,4.4800,0.002489,10.6050,0.046603,1.8058,1.8193
100035,-100.0,35,15.3029,21.2926,34.8247,1.5415,13.6954,18.1693,+5.9897,1.3914,0.001567,13.3347,0.043848,1.2616,1.3096
100036,-100.0,36,30.6281,22.9384,35.4962,1.5525,26.8389,24.4050,-7.6897,0.7489,0.002323,7.6976,0.043291,1.2970,1.1748
100037,-100.0,37,30.3571,26.0924,34.5647,1.1459,22.7632,22.9871,-4.2647,0.8595,0.002451,8.8885,0.046352,1.4058,1.2089
100038,-100.0,38,22.5364,20.9795,31.7007,1.4192,24.6859,19.9006,-1.5569,0.9309,0.003638,7.4128,0.042009,1.3245,1.2779
100039,-100.0,39,36.7812,27.2670,38.5564,2.0531,27.9492,24.0810,-9.5142,0.7413,0.004001,7.9134,0.045381,1.3619,1.2567
100040,-100.0,40,21.9799,22.4436,32.9657,1.6604,22.6461,18.2806,+0.4637,1.0211,0.004364,11.8763,0.041481,1.3079,1.2778
100041,-100.0,41,24.2443,18.9023,40.6732,1.3749,18.5325,14.1500,-5.3420,0.7797,0.001593,9.8835,0.042787,1.5426,1.2537
100042,-100.0,42,30.5344,21.8375,36.0518,1.1304,24.3401,27.3321,-8.6969,0.7152,0.002162,8.9704,0.045852,1.3165,1.2227
100043,-100.0,43,33.7041,25.4243,38.7293,2.7387,23.7293,26.4869,-8.2798,0.7543,0.001577,11.6775,0.044155,1.5694,1.3591
100044,-100.0,44,16.9293,20.0712,33.6044,1.4440,13.6577,9.6134,+3.1418,1.1856,0.001702,8.2375,0.042739,1.3165,1.4562
100045,-100.0,45,26.3144,19.8679,29.7035,2.0168,22.2729,21.8372,-6.4465,0.7550,0.005167,7.8639,0.041656,1.2941,1.4674
100046,-100.0,46,40.3320,20.7759,46.0696,1.7411,35.8612,30.5034,-19.5561,0.5151,0.002147,15.1192,0.040974,1.2396,1.2287
100047,-100.0,47,43.4932,25.4452,45.6065,1.4242,29.9010,26.7766,-18.0480,0.5850,0.008757,11.7354,0.049084,1.3881,1.4961
100048,-100.0,48,34.0886,22.0009,38.5280,1.6161,26.6121,29.2115,-12.0877,0.6454,0.025635,8.5467,0.113978,1.7555,1.4143
100049,-100.0,49,29.6179,25.6916,43.6468,0.7795,27.1007,23.3647,-3.9262,0.8674,0.001883,7.7985,0.043090,1.2714,1.2102
100050,-100.0,50,22.3203,20.5560,30.1903,2.1867,16.6823,17.3528,-1.7643,0.9210,0.002912,8.2251,0.049057,1.3929,1.5433
100051,-100.0,51,32.5868,24.3725,37.4808,1.4066,25.7251,31.2901,-8.2143,0.7479,0.001643,21.5780,0.039958,1.3643,1.2211
100052,-100.0,52,32.3054,24.6096,38.8227,1.7505,28.9073,26.9000,-7.6958,0.7618,0.002611,5.9289,0.044751,1.2556,1.5615
100053,-100.0,53,34.9292,22.9269,41.0492,0.7577,28.6618,27.3653,-12.0023,0.6564,0.004829,10.7105,0.041406,1.7150,1.6561
100054,-100.0,54,31.1888,20.7574,32.4747,1.8438,22.6810,22.1181,-10.4315,0.6655,0.001733,6.2543,0.038980,1.1752,1.3644
100055,-100.0,55,26.9342,18.4459,33.4168,2.4381,17.4230,21.9498,-8.4883,0.6848,0.002004,21.0644,0.044561,1.2670,1.5660
100056,-100.0,56,33.6098,20.3646,38.3986,1.5534,23.0004,30.8076,-13.2452,0.6059,0.003650,10.3604,0.039872,1.2321,1.2160
100057,-100.0,57,32.0050,23.0435,37.5286,2.3230,23.2358,22.8460,-8.9615,0.7200,0.001674,9.1319,0.039249,1.1456,1.2658
100058,-100.0,58,38.8820,22.1897,42.7348,1.9802,35.6900,36.0609,-16.6923,0.5707,0.003941,15.0956,0.048658,1.2702,1.2971
100059,-100.0,59,34.6082,21.9304,38.1168,1.9885,25.9674,26.8210,-12.6778,0.6337,0.002086,11.8884,0.041764,1.3131,1.4558
100060,-100.0,60,23.0704,20.4819,28.8378,3.6607,20.6563,17.9567,-2.5885,0.8878,0.001592,7.5835,0.047118,1.2068,1.3207
100061,-100.0,61,26.0241,21.7146,36.7358,1.9127,23.7381,20.9350,-4.3095,0.8344,0.002004,8.3696,0.046326,1.2815,1.3565
100062,-100.0,62,27.0687,24.9995,38.3622,3.9363,31.8562,27.4452,-2.0692,0.9236,0.005573,10.1542,0.050022,1.5101,1.3630
100063,-100.0,63,38.1124,20.8302,42.2257,0.5631,27.1079,25.5190,-17.2822,0.5465,0.002466,22.5638,0.047708,1.5010,1.6575
100064,-100.0,64,31.7763,22.3997,34.4892,1.4177,27.6977,19.0331,-9.3766,0.7049,0.002085,11.6854,0.048468,1.1600,1.3204
100065,-100.0,65,27.2267,21.7642,30.5119,0.7737,18.6521,18.9033,-5.4624,0.7994,0.004504,8.6790,0.041360,1.5821,1.5374
100066,-100.0,66,12.4756,20.0628,37.1443,0.9291,11.3546,25.6634,+7.5872,1.6082,0.001665,15.7532,0.039722,1.4763,1.6101
100067,-100.0,67,39.4888,23.7552,40.4817,1.9963,31.1003,33.9125,-15.7336,0.6016,0.002661,17.2275,0.044119,2.7609,3.3588
100068,-100.0,68,26.7694,19.1608,33.6935,3.5259,20.8459,20.3761,-7.6086,0.7158,0.001882,13.9718,0.043264,1.2058,1.6482
100069,-100.0,69,35.2089,25.2508,37.9569,2.7478,28.3094,29.4803,-9.9581,0.7172,0.002946,23.5897,0.043493,1.5816,1.7947
100070,-100.0,70,10.2692,21.1224,28.3287,2.8451,13.1510,17.4304,+10.8532,2.0569,0.003861,7.7658,0.040977,1.2886,1.1861
100071,-100.0,71,19.4632,21.8421,30.2502,1.1094,17.4605,19.8854,+2.3789,1.1222,0.002135,9.8871,0.042624,1.4815,1.3666
100072,-100.0,72,35.5699,23.9879,36.5882,2.1346,27.2461,27.8032,-11.5821,0.6744,0.001898,7.5298,0.043821,1.2735,1.2559
100073,-100.0,73,32.8221,23.2222,33.6012,2.5044,26.2163,26.9973,-9.6000,0.7075,0.002284,9.3937,0.039914,1.3675,1.2129
100074,-100.0,74,31.0284,23.2921,33.5252,2.1466,23.1961,27.7407,-7.7362,0.7507,0.001663,13.5747,0.038666,1.3366,1.4700
100075,-100.0,75,17.5060,25.5940,31.5131,1.1270,21.8591,19.7278,+8.0879,1.4620,0.001562,6.6706,0.043384,1.3697,1.3879
100076,-100.0,76,16.6104,23.1916,35.6508,0.9391,18.5419,24.8462,+6.5813,1.3962,0.002450,10.1941,0.046286,2.3029,2.1128
100077,-100.0,77,35.6655,21.1879,38.7610,3.9327,21.6848,23.1376,-14.4776,0.5941,0.001648,10.6986,0.044096,1.6022,1.5614
100078,-100.0,78,33.8066,22.2374,36.2551,4.2295,28.3830,30.6707,-11.5692,0.6578,0.003871,8.2884,0.042115,1.4140,1.3496
100079,-100.0,79,15.2928,22.0098,34.2651,2.6237,15.5028,14.4819,+6.7170,1.4392,0.001791,9.0175,0.042576,1.4002,1.3317
100080,-100.0,80,24.3263,20.6366,36.9503,1.3253,27.0880,19.1006,-3.6897,0.8483,0.001980,6.4495,0.045187,1.3591,1.3734
100081,-100.0,81,36.9537,25.4516,42.2576,1.4600,31.7181,31.7126,-11.5021,0.6887,0.003261,13.7008,0.037606,1.6717,1.3116
100082,-100.0,82,28.5429,21.1039,31.9819,2.8497,22.8588,23.8567,-7.4390,0.7394,0.001574,9.0502,0.039854,1.8068,2.1411
100083,-100.0,83,28.4659,21.5162,37.3173,1.7849,20.4509,24.0851,-6.9497,0.7559,0.002683,11.3955,0.045508,1.3136,1.2896
100084,-100.0,84,4.3269,24.1450,34.9132,1.5141,7.4375,7.3431,+19.8181,5.5802,0.002058,5.7439,0.045752,1.3296,1.0912
100085,-100.0,85,10.2131,19.6146,27.6450,2.5779,15.7343,14.1412,+9.4015,1.9205,0.001609,9.0867,0.043494,1.1925,1.3217
100086,-100.0,86,23.5493,23.6102,33.2507,2.8436,22.5673,20.1864,+0.0609,1.0026,0.002553,8.8005,0.042689,1.3371,1.3195
100087,-100.0,87,7.5377,19.3097,31.3913,2.2680,5.1482,8.4281,+11.7720,2.5617,0.002377,7.7520,0.041873,1.3933,1.4295
100088,-100.0,88,21.3056,24.1241,32.0919,1.4270,19.5091,18.3348,+2.8185,1.1323,0.001545,7.2543,0.040772,1.4645,1.4093
100089,-100.0,89,35.8891,26.6918,38.9253,1.4986,29.6910,25.0705,-9.1972,0.7437,0.001572,22.0823,0.045272,1.3996,1.3296
100090,-100.0,90,24.1180,21.2319,33.1712,1.2852,22.1510,18.1986,-2.8860,0.8803,0.002145,7.3579,0.044865,1.3075,1.1535
100091,-100.0,91,28.2076,25.7559,43.9076,3.3670,26.0610,14.8893,-2.4517,0.9131,0.002249,20.9076,0.047763,1.2620,1.4026
100092,-100.0,92,29.8748,23.7898,33.3107,3.4930,21.2320,21.3932,-6.0850,0.7963,0.002798,5.9784,0.042829,1.3378,1.2722
100093,-100.0,93,28.2767,18.8146,38.2813,2.4531,19.0832,27.6821,-9.4621,0.6654,0.002516,8.5256,0.045236,1.3199,1.3282
100094,-100.0,94,28.6863,25.3808,36.0143,2.1379,19.1960,24.6955,-3.3055,0.8848,0.004126,8.9671,0.042377,1.4239,1.3935
100095,-100.0,95,35.8843,19.7015,40.1369,1.4169,25.4282,28.7063,-16.1828,0.5490,0.005801,14.2065,0.045092,1.1362,1.7601
100096,-100.0,96,9.1790,22.2600,34.0850,1.5351,17.9979,19.3385,+13.0810,2.4251,0.002345,12.5551,0.047992,1.2984,1.5149
100097,-100.0,97,8.0997,19.1215,31.6203,0.5908,17.8472,4.9045,+11.0218,2.3608,0.006423,11.9359,0.049874,1.3593,1.1959
100098,-100.0,98,17.6869,18.0507,36.5910,3.7179,15.9216,18.4059,+0.3637,1.0206,0.005620,5.9409,0.049543,1.4358,1.3871
100099,-100.0,99,45.2818,25.2845,46.8197,4.7752,36.3376,39.2543,-19.9973,0.5584,0.002942,7.8830,0.050582,1.2430,1.2001
100100,-90.0,0,21.3900,26.6256,40.3129,0.7637,24.8042,22.0169,+5.2356,1.2448,0.002359,8.0614,0.047977,1.5082,1.3807
100101,-90.0,1,11.8349,17.5458,40.6067,1.4146,11.8960,15.1737,+5.7110,1.4826,0.005928,9.2740,0.053729,1.2845,1.1653
100102,-90.0,2,18.5814,19.3790,29.4889,1.4635,15.4800,11.8615,+0.7975,1.0429,0.002462,7.0010,0.054675,1.4641,1.2001
100103,-90.0,3,17.8604,23.8456,41.7366,0.8001,12.8953,16.3326,+5.9852,1.3351,0.003531,18.2527,0.054420,1.2477,1.1668
100104,-90.0,4,9.1532,20.5643,30.4015,4.1800,12.0638,14.2848,+11.4112,2.2467,0.002494,9.4098,0.051287,1.2570,1.2139
100105,-90.0,5,17.1535,22.9380,39.7623,1.3279,18.1971,18.4004,+5.7846,1.3372,0.002015,8.1294,0.049812,1.2486,1.2539
100106,-90.0,6,26.0397,18.8753,35.3245,1.5640,15.4951,12.0224,-7.1644,0.7249,0.004638,15.0308,0.049739,1.1330,1.4964
100107,-90.0,7,12.2430,24.9016,31.8971,2.3869,12.6818,16.9626,+12.6586,2.0339,0.002545,13.8579,0.048243,1.2938,1.4638
100108,-90.0,8,16.4542,19.7932,32.9762,1.9149,12.5668,14.5545,+3.3390,1.2029,0.002753,6.9169,0.047612,1.3645,1.2587
100109,-90.0,9,22.5020,21.0301,33.0244,2.0592,20.4360,16.5407,-1.4719,0.9346,0.001691,7.5434,0.047411,1.4105,1.0911
100110,-90.0,10,30.8088,20.6470,40.9958,2.6134,25.9147,16.8365,-10.1618,0.6702,0.003051,19.2481,0.042983,1.5796,1.5786
100111,-90.0,11,14.2073,20.3584,29.7041,1.2030,14.7537,16.7643,+6.1512,1.4330,0.001654,5.8241,0.040971,1.1932,1.2532
100112,-90.0,12,11.2892,22.4687,31.4436,1.5747,16.0168,13.1793,+11.1795,1.9903,0.003212,8.7382,0.050938,1.5024,1.3414
100113,-90.0,13,12.0276,22.5578,34.2576,1.9284,14.4861,9.8997,+10.5302,1.8755,0.003850,8.4844,0.045349,1.3989,1.2860
100114,-90.0,14,11.2562,20.5481,29.9103,3.1189,9.3193,16.0168,+9.2919,1.8255,0.005555,10.3511,0.043279,1.2189,1.3837
100115,-90.0,15,18.4227,21.5491,37.6139,1.8643,23.0203,10.7898,+3.1264,1.1697,0.001854,7.6646,0.048614,1.4187,1.2378
100116,-90.0,16,12.0256,18.2700,49.3130,1.2195,14.9872,16.9133,+6.2443,1.5193,0.005217,10.7709,0.042803,1.5837,1.5298
100117,-90.0,17,13.5918,20.2823,34.1613,5.1788,12.4374,18.6138,+6.6905,1.4922,0.002394,15.1944,0.041295,1.4904,1.2310
100118,-90.0,18,15.2640,28.4161,43.5309,1.0434,10.6500,9.8328,+13.1522,1.8616,0.002517,17.3045,0.042174,1.3977,1.4833
100119,-90.0,19,16.2965,27.4124,46.5687,2.4891,12.6500,12.1702,+11.1159,1.6821,0.001959,8.0381,0.043264,1.3203,1.3464
100120,-90.0,20,17.2175,28.2284,40.7108,1.0657,12.1866,11.9537,+11.0108,1.6395,0.001814,13.4622,0.046102,1.3228,1.2991
100121,-90.0,21,4.6027,19.9517,36.1126,1.8071,6.9762,15.8024,+15.3489,4.3348,0.004271,5.8846,0.038865,0.8595,1.1400
100122,-90.0,22,6.8822,20.8313,46.8437,1.0978,6.0887,13.0397,+13.9490,3.0268,0.001699,8.0306,0.041586,1.0824,0.9261
100123,-90.0,23,9.4624,21.6700,32.8509,0.4408,11.7976,19.9673,+12.2076,2.2901,0.002046,4.5244,0.047066,0.9316,0.8911
100124,-90.0,24,42.5709,22.8400,48.4834,2.3772,37.3326,37.8055,-19.7309,0.5365,0.001970,8.7130,0.046644,0.7169,0.6547
100125,-90.0,25,15.2207,20.2849,32.8342,2.1509,14.0577,4.6749,+5.0643,1.3327,0.001942,13.8307,0.042545,1.8823,1.3064
100126,-90.0,26,2.4000,27.9869,35.4613,1.0863,2.9352,2.5041,+25.5870,11.6614,0.001832,9.3236,0.043347,1.3563,1.6802
100127,-90.0,27,11.0917,20.8129,33.7596,2.1975,11.1068,14.4370,+9.7213,1.8764,0.002065,8.0832,0.049866,1.8945,1.7587
100128,-90.0,28,7.0889,26.8628,36.3914,2.0059,5.7764,9.5934,+19.7739,3.7894,0.001800,10.0399,0.045772,1.6763,1.1490
100129,-90.0,29,14.0128,22.3257,35.0975,3.5754,15.7432,18.4881,+8.3129,1.5932,0.002344,8.0043,0.046439,1.3457,1.2989
100130,-90.0,30,30.6585,26.2784,46.0021,2.4383,29.2593,26.8091,-4.3802,0.8571,0.002797,9.1369,0.042333,1.2479,1.3982
100131,-90.0,31,15.2931,26.3116,39.2402,2.9029,17.7014,16.9658,+11.0184,1.7205,0.002504,9.3280,0.041030,1.6526,1.4030
100132,-90.0,32,12.7624,17.9737,30.6126,2.5193,12.1261,10.9068,+5.2113,1.4083,0.004427,14.0658,0.045441,1.4265,1.3238
100133,-90.0,33,12.5761,18.7157,32.1447,1.3162,16.1457,6.3662,+6.1396,1.4882,0.001566,12.5159,0.042369,1.2572,1.1783
100134,-90.0,34,31.6432,24.4984,41.9025,1.1888,23.5204,31.1594,-7.1448,0.7742,0.001567,10.7581,0.043606,1.2205,1.2216
100135,-90.0,35,15.6776,23.9384,37.8254,1.1540,13.2318,12.4490,+8.2608,1.5269,0.004516,8.7297,0.038081,1.3541,1.2043
100136,-90.0,36,15.6246,24.5699,34.9504,2.1496,23.1533,11.7105,+8.9453,1.5725,0.001674,13.7096,0.039494,1.6322,1.4935
100137,-90.0,37,9.1535,18.8389,30.0975,2.4104,11.8653,8.2591,+9.6854,2.0581,0.001992,8.3593,0.044129,1.5163,1.3232
100138,-90.0,38,27.9332,23.3648,33.9270,2.2505,14.1106,17.6010,-4.5683,0.8365,0.002757,8.7894,0.044264,1.5446,1.7078
100139,-90.0,39,14.5706,22.0706,35.1633,0.4863,15.7915,21.2587,+7.5000,1.5147,0.002155,17.6389,0.044489,1.8662,1.5702
100140,-90.0,40,6.1096,19.6540,31.1677,4.7699,5.9899,7.2265,+13.5444,3.2169,0.002950,7.3105,0.044486,1.5467,1.3694
100141,-90.0,41,19.2063,21.2035,36.9698,0.9533,22.8913,14.6330,+1.9972,1.1040,0.001725,6.7877,0.040906,1.7493,1.5538
100142,-90.0,42,9.9654,23.0580,31.8171,0.8273,15.4606,16.4591,+13.0926,2.3138,0.002085,11.6816,0.041925,1.3718,1.5226
100143,-90.0,43,10.1934,22.8264,36.4907,3.0785,14.4482,20.9178,+12.6330,2.2393,0.002708,10.0988,0.041334,1.3852,1.4058
100144,-90.0,44,25.9758,26.9986,33.1441,2.3674,15.2361,19.3607,+1.0228,1.0394,0.003402,10.2442,0.044870,1.3879,1.4235
100145,-90.0,45,7.0849,19.6166,35.6181,2.1925,9.4703,12.7061,+12.5316,2.7688,0.004712,9.9007,0.042290,1.2499,1.4506
100146,-90.0,46,16.2588,19.6554,31.1348,0.7027,9.0178,21.5953,+3.3966,1.2089,0.001566,8.1325,0.039494,1.3256,1.2671
100147,-90.0,47,19.3103,23.7741,35.0404,0.5042,18.2679,14.0908,+4.4639,1.2312,0.001654,7.8041,0.042999,1.3680,1.4061
100148,-90.0,48,25.9012,21.9148,30.0500,1.8168,19.6550,19.1627,-3.9864,0.8461,0.004539,11.4664,0.040267,1.7071,1.7143
100149,-90.0,49,5.4113,24.9124,35.1146,2.5334,7.3951,6.8748,+19.5011,4.6037,0.002238,12.4690,0.041963,1.3612,1.3028
100150,-90.0,50,24.5859,20.8565,41.7841,1.2103,23.1146,22.6645,-3.7295,0.8483,0.001701,10.3782,0.042433,1.5173,1.4826
100151,-90.0,51,15.5641,23.3024,32.4280,1.6281,11.0604,6.1758,+7.7384,1.4972,0.002572,11.1381,0.042642,1.4994,1.3362
100152,-90.0,52,19.1752,23.1820,33.5530,3.0295,18.6685,17.7077,+4.0067,1.2090,0.002345,9.4986,0.044744,1.1023,1.1589
100153,-90.0,53,22.4109,21.1715,36.9859,0.9684,18.7831,22.9942,-1.2395,0.9447,0.004908,6.5039,0.042002,1.3244,1.3143
100154,-90.0,54,14.3001,22.6653,36.9400,2.2365,20.1018,20.0626,+8.3652,1.5850,0.005283,18.5238,0.043223,1.5392,1.3012
100155,-90.0,55,15.7844,22.0563,31.4852,2.6644,8.1525,6.9747,+6.2720,1.3974,0.003576,12.1233,0.045192,1.3556,1.5580
100156,-90.0,56,21.4189,25.3257,41.1741,1.6711,17.6734,14.5786,+3.9068,1.1824,0.002391,15.9395,0.039814,1.2313,1.3111
100157,-90.0,57,13.7820,19.6186,31.2715,2.1253,14.0006,12.7002,+5.8367,1.4235,0.001886,7.3823,0.043905,1.3873,1.1203
100158,-90.0,58,15.1019,20.0602,35.2880,1.1178,15.7607,14.5396,+4.9583,1.3283,0.001687,13.5224,0.042335,1.3892,1.4978
100159,-90.0,59,9.4934,18.5210,44.3050,1.0368,11.4490,4.7622,+9.0275,1.9509,0.003834,14.4225,0.041151,1.7780,1.8600
100160,-90.0,60,24.9787,22.6452,33.5966,3.0069,21.7822,13.8594,-2.3335,0.9066,0.001684,14.4273,0.039682,1.2832,1.3422
100161,-90.0,61,11.4653,22.1266,32.5487,1.3329,10.9662,13.6703,+10.6613,1.9299,0.002285,7.4274,0.044318,1.6347,1.2189
100162,-90.0,62,10.1684,23.2176,33.8006,2.2697,12.3476,9.5453,+13.0492,2.2833,0.001651,7.5396,0.046511,1.2451,1.2403
100163,-90.0,63,14.2343,20.5088,31.9496,1.4060,15.8794,10.6013,+6.2745,1.4408,0.002621,9.5696,0.042355,1.5688,1.2144
100164,-90.0,64,6.5379,18.6626,27.9000,0.4030,6.6387,8.9998,+12.1247,2.8545,0.001822,11.0333,0.038832,1.6437,1.3180
100165,-90.0,65,17.9088,18.5776,30.9884,1.4040,16.3744,16.5383,+0.6688,1.0373,0.001603,16.4196,0.041494,1.5573,1.3308
100166,-90.0,66,22.0675,24.2179,41.1352,1.7548,19.7331,16.2262,+2.1504,1.0974,0.001703,7.8460,0.047359,1.3910,1.1440
100167,-90.0,67,24.3738,23.6037,37.6079,3.6012,21.3213,25.4280,-0.7702,0.9684,0.002582,10.4381,0.047090,1.6437,1.5626
100168,-90.0,68,10.0006,22.1115,38.6888,2.3887,12.1876,9.9487,+12.1109,2.2110,0.002134,15.5437,0.049761,1.4636,1.4986
100169,-90.0,69,18.2806,18.7104,28.0995,3.0379,18.3143,14.4924,+0.4298,1.0235,0.002096,10.4820,0.047848,1.4700,1.5157
100170,-90.0,70,10.8725,23.4405,31.7673,2.3429,11.7082,13.3503,+12.5680,2.1559,0.004150,7.5610,0.050611,1.2767,1.2582
100171,-90.0,71,12.4837,19.6581,35.8520,1.6000,14.4842,10.6017,+7.1745,1.5747,0.003022,8.7957,0.048186,1.4069,1.6330
100172,-90.0,72,11.6171,22.6898,42.2571,2.7457,21.7600,8.2885,+11.0726,1.9531,0.003097,10.7763,0.063786,1.6712,1.4503
100173,-90.0,73,12.0667,19.9807,28.8320,1.5109,13.9735,14.2829,+7.9140,1.6559,0.001847,6.7191,0.050260,1.3291,1.4815
100174,-90.0,74,22.9532,26.6572,41.2805,0.8806,9.8981,14.4405,+3.7041,1.1614,0.006920,16.9367,0.054519,1.4949,1.3772
100175,-90.0,75,3.8610,19.4745,32.4574,1.8867,5.8321,5.6367,+15.6135,5.0440,0.006228,8.1737,0.056456,1.4776,1.4906
100176,-90.0,76,7.0499,19.7041,32.5021,2.4587,9.8301,11.0635,+12.6542,2.7949,0.002813,10.3007,0.069522,1.2953,1.2571
100177,-90.0,77,6.0520,23.1085,33.0537,2.1655,7.3044,5.8326,+17.0566,3.8183,0.002125,8.1087,0.049586,1.1972,1.3547
100178,-90.0,78,23.6088,26.1659,38.1906,0.4881,15.3223,14.5859,+2.5570,1.1083,0.002041,6.2464,0.047552,1.3285,1.2484
100179,-90.0,79,22.8063,21.1698,33.8398,1.6267,20.9254,14.4610,-1.6366,0.9282,0.002123,9.7163,0.046214,1.2347,1.3178
100180,-90.0,80,18.1323,22.0388,34.8920,0.5669,13.3662,10.7487,+3.9065,1.2154,0.001589,9.9944,0.042907,1.4449,1.3885
100181,-90.0,81,16.2996,23.3795,30.6174,4.1300,16.8820,11.6194,+7.0799,1.4344,0.001679,7.4319,0.037399,1.2374,1.4424
100182,-90.0,82,6.2300,20.8760,31.3659,1.2529,7.6790,10.0239,+14.6460,3.3509,0.001611,10.8292,0.037968,1.1939,1.2209
100183,-90.0,83,10.7461,20.1299,32.2465,1.8617,9.3214,12.1603,+9.3839,1.8732,0.002532,9.8900,0.035903,1.6702,1.2579
100184,-90.0,84,10.0123,20.0377,33.4434,1.9487,11.7547,20.1812,+10.0254,2.0013,0.002121,9.7264,0.041166,1.3499,1.5040
100185,-90.0,85,20.7833,18.3363,30.1672,2.4241,16.4135,14.2014,-2.4470,0.8823,0.003577,10.9727,0.040191,1.5110,1.5808
100186,-90.0,86,14.1977,19.5287,35.4088,2.0822,17.6186,12.5398,+5.3310,1.3755,0.001750,8.6825,0.038033,1.4319,1.5922
100187,-90.0,87,14.8671,19.7023,28.4545,1.0698,12.5488,12.6117,+4.8352,1.3252,0.002350,9.2837,0.037508,1.3972,1.6268
100188,-90.0,88,12.6568,19.9431,30.2764,2.2433,17.0622,13.9155,+7.2864,1.5757,0.002689,8.1716,0.039731,1.5604,1.5124
100189,-90.0,89,26.7052,22.4324,32.1325,5.8917,21.9377,17.4078,-4.2729,0.8400,0.002206,6.6090,0.045205,1.4128,1.2563
100190,-90.0,90,9.3893,20.9839,31.5181,3.1616,13.7062,14.1041,+11.5945,2.2349,0.002533,8.6511,0.037124,1.4775,1.5373
100191,-90.0,91,8.3871,25.7710,36.9143,1.8780,7.5359,7.4073,+17.3839,3.0727,0.001472,8.0274,0.037282,1.1923,1.5960
100192,-90.0,92,7.7449,22.7774,32.7878,2.3269,12.9983,5.8719,+15.0325,2.9410,0.003163,15.1983,0.040980,1.3096,1.4213
100193,-90.0,93,28.1839,24.4279,41.2327,2.8394,28.7095,27.1456,-3.7560,0.8667,0.001707,12.1109,0.037101,1.3843,1.4282
100194,-90.0,94,8.2747,22.0719,38.4833,2.0526,15.1917,16.2110,+13.7973,2.6674,0.003585,20.6774,0.038222,2.1875,1.8067
100195,-90.0,95,25.9538,21.8310,39.1907,1.4345,27.7476,15.1052,-4.1227,0.8412,0.001760,9.3545,0.036315,1.3227,1.1774
100196,-90.0,96,17.9730,19.8875,34.3582,1.2766,18.4670,20.9103,+1.9145,1.1065,0.002015,10.5953,0.038611,1.7644,1.6844
100197,-90.0,97,5.1942,22.6911,33.1899,2.5631,9.0699,7.5563,+17.4969,4.3685,0.001695,9.5085,0.037867,1.3562,1.2528
100198,-90.0,98,13.2734,24.2736,36.4126,1.4176,23.4107,15.8858,+11.0002,1.8287,0.001599,8.6075,0.036204,1.2793,1.4565
100199,-90.0,99,19.2623,20.3607,28.0493,2.9665,10.8801,13.1741,+1.0984,1.0570,0.002141,9.1491,0.040812,1.5361,1.4486
100200,-85.0,0,17.2958,19.5940,36.4631,2.1846,23.4920,10.5675,+2.2982,1.1329,0.001543,8.8797,0.036468,1.2776,1.3386
100201,-85.0,1,4.2827,19.0534,32.4247,1.8154,6.0052,10.6607,+14.7707,4.4490,0.001595,11.8391,0.039963,1.6398,1.9851
100202,-85.0,2,6.9998,26.2853,32.6543,2.0159,4.3089,7.1046,+19.2855,3.7552,0.001585,10.7640,0.037836,1.3616,1.4584
100203,-85.0,3,6.5980,19.1952,31.4005,2.1698,8.3827,9.1110,+12.5971,2.9092,0.004536,8.1932,0.035306,1.7120,1.5830
100204,-85.0,4,17.0020,22.2026,36.0109,2.2274,14.2991,13.3324,+5.2007,1.3059,0.002304,9.2199,0.040724,1.4810,1.4947
100205,-85.0,5,19.8600,27.1715,35.0522,2.3155,16.2895,10.5283,+7.3115,1.3681,0.001800,15.9504,0.042905,1.5625,1.8320
100206,-85.0,6,11.9175,18.7864,32.1924,1.3682,10.8162,14.3956,+6.8689,1.5764,0.002252,9.0716,0.037021,1.5592,1.6903
100207,-85.0,7,20.6895,28.3234,38.5986,2.1878,4.1678,8.0143,+7.6339,1.3690,0.002096,10.5530,0.038997,1.6043,1.3532
100208,-85.0,8,3.9961,20.2609,28.3199,2.3974,8.4030,9.7334,+16.2649,5.0702,0.001676,12.8126,0.035314,1.2889,1.2586
100209,-85.0,9,2.9325,20.3977,33.6437,2.0417,4.7200,9.2940,+17.4651,6.9557,0.001688,8.7482,0.038841,2.3013,1.8985
100210,-85.0,10,4.5616,17.9781,34.8114,1.5739,4.5858,2.6008,+13.4166,3.9412,0.002918,10.5458,0.040294,1.3196,1.3890
100211,-85.0,11,23.8789,22.2818,37.7160,1.5617,17.4672,16.7850,-1.5971,0.9331,0.001629,9.7291,0.036986,1.3222,1.2963
100212,-85.0,12,4.5051,22.8397,34.9276,3.5211,7.6864,8.6867,+18.3346,5.0697,0.002022,8.0184,0.038483,1.3092,1.2470
100213,-85.0,13,2.3902,23.0732,31.8625,2.5452,2.3720,6.5032,+20.6829,9.6531,0.001822,6.2168,0.039700,1.2678,1.1872
100214,-85.0,14,13.1692,15.9122,37.7870,2.1630,15.9457,12.1461,+2.7430,1.2083,0.001993,12.4050,0.036781,1.2758,1.3883
100215,-85.0,15,2.0989,16.3596,32.5761,2.4914,3.1113,2.5733,+14.2608,7.7945,0.002022,7.0605,0.041407,1.3578,1.3032
100216,-85.0,16,8.1810,24.5880,31.8359,5.3041,5.6013,13.9153,+16.4070,3.0055,0.001770,7.8285,0.035124,1.5718,1.1793
100217,-85.0,17,10.0378,22.0816,30.9877,1.7643,7.9516,12.5339,+12.0437,2.1998,0.001614,10.9831,0.041496,1.3745,1.2029
100218,-85.0,18,7.6426,16.9993,36.5951,4.6324,4.1263,4.5035,+9.3567,2.2243,0.002141,10.4172,0.042937,1.3478,1.4044
100219,-85.0,19,6.4193,20.2386,39.1071,3.4335,9.6807,7.5576,+13.8193,3.1528,0.001643,11.7190,0.036513,1.3664,1.2091
100220,-85.0,20,9.7913,23.4577,34.2223,1.2104,12.7761,10.3095,+13.6664,2.3958,0.003247,5.9364,0.040726,1.3135,1.4316
100221,-85.0,21,11.5178,25.6368,36.0893,3.6641,9.7915,19.2397,+14.1189,2.2258,0.001936,9.2398,0.045655,1.1924,1.2524
100222,-85.0,22,19.7382,21.9313,41.5946,2.5220,22.4421,15.3950,+2.1931,1.1111,0.001933,11.6964,0.036037,1.2731,1.4256
100223,-85.0,23,21.2418,22.2298,35.6672,2.7454,20.1948,23.3307,+0.9880,1.0465,0.002371,5.9591,0.043981,1.3460,1.0248
100224,-85.0,24,7.7126,16.9243,34.3143,1.9125,6.1138,14.3724,+9.2117,2.1944,0.001952,9.5829,0.039017,1.4683,2.0208
100225,-85.0,25,17.8571,25.2092,38.6447,2.1240,16.8520,20.0687,+7.3522,1.4117,0.002350,13.3144,0.041074,1.4714,1.3175
100226,-85.0,26,13.0591,18.3722,36.4173,1.7540,9.4700,19.8803,+5.3131,1.4069,0.002580,7.8248,0.038797,1.2777,1.2547
100227,-85.0,27,4.1863,18.0109,29.8742,1.6768,6.9461,4.1257,+13.8246,4.3024,0.001909,5.9883,0.039279,1.2765,1.2228
100228,-85.0,28,7.2042,24.0396,33.2779,2.6197,8.5238,5.5108,+16.8353,3.3369,0.004192,10.3938,0.035733,1.4570,1.3963
100229,-85.0,29,4.8322,20.3827,31.1331,1.2517,7.9951,7.8384,+15.5505,4.2181,0.001765,18.9154,0.038796,1.1081,1.4046
100230,-85.0,30,9.2580,22.4071,36.0407,2.8025,7.1910,18.1112,+13.1490,2.4203,0.002090,7.3609,0.037952,1.5244,1.1795
100231,-85.0,31,22.1679,24.5397,32.6523,2.8056,14.3997,12.8081,+2.3718,1.1070,0.002239,9.3676,0.035543,1.1487,1.2149
100232,-85.0,32,6.1890,22.7998,26.9297,1.2849,8.3275,9.9245,+16.6107,3.6839,0.003347,10.3249,0.038687,1.4912,1.2582
100233,-85.0,33,13.4062,17.9235,35.0236,1.2326,10.6491,7.9702,+4.5173,1.3370,0.002557,7.5492,0.038495,1.2187,1.2862
100234,-85.0,34,16.2381,24.2711,38.3669,3.2420,18.7998,6.4988,+8.0330,1.4947,0.002257,10.9192,0.044904,1.3533,1.3632
100235,-85.0,35,19.0039,20.3974,35.8135,3.9616,14.3609,16.1260,+1.3935,1.0733,0.001657,17.9091,0.044559,1.4039,1.4560
100236,-85.0,36,11.4554,20.6405,31.9786,1.2827,5.6032,12.8483,+9.1851,1.8018,0.002889,9.9750,0.044357,1.3303,1.2864
100237,-85.0,37,25.7832,28.2563,37.2299,1.7686,20.6152,13.8256,+2.4731,1.0959,0.001639,23.9577,0.036975,1.3278,1.4204
100238,-85.0,38,11.7750,24.4316,34.3229,2.3407,14.3527,14.6185,+12.6566,2.0749,0.003693,13.1312,0.037806,1.3523,1.3447
100239,-85.0,39,11.0961,26.3195,39.3520,1.3243,8.9384,7.2039,+15.2234,2.3720,0.001578,10.3986,0.038248,1.3993,1.4066
100240,-85.0,40,11.8650,25.0888,40.7293,2.2033,18.4992,21.3806,+13.2238,2.1145,0.002234,11.7809,0.040341,1.2697,1.4867
100241,-85.0,41,19.1191,20.0286,38.6466,1.0938,18.8331,20.4989,+0.9094,1.0476,0.001589,12.6551,0.038052,1.4591,1.2859
100242,-85.0,42,9.5417,25.6591,35.6085,2.0721,8.7140,3.4063,+16.1174,2.6892,0.001904,13.8515,0.033641,1.6244,1.3025
100243,-85.0,43,9.8123,27.7858,37.9915,2.5981,6.5113,7.1665,+17.9735,2.8317,0.002275,9.0738,0.039526,1.9641,1.6459
100244,-85.0,44,7.2739,20.0601,34.8792,2.7204,15.3554,6.1304,+12.7861,2.7578,0.003705,16.9027,0.040453,1.3391,1.3097
100245,-85.0,45,5.5858,22.0875,29.5426,2.1541,6.5347,15.2648,+16.5017,3.9542,0.002269,8.7711,0.039666,1.2533,1.3451
100246,-85.0,46,10.1469,21.9703,32.7097,0.3505,13.8717,16.4266,+11.8234,2.1652,0.002471,6.8494,0.041218,0.9488,1.6526
100247,-85.0,47,14.8847,17.9701,31.3163,1.5443,18.1456,8.4162,+3.0855,1.2073,0.001613,10.4086,0.035620,1.0033,0.9427
100248,-85.0,48,22.9501,28.1933,42.2209,1.6546,9.5695,14.9790,+5.2431,1.2285,0.002146,5.5830,0.039136,1.0514,1.0432
100249,-85.0,49,1.6030,13.3026,27.9326,0.8320,2.0824,3.2562,+11.6996,8.2984,0.002028,5.7219,0.039294,0.9709,0.8890
100250,-85.0,50,2.8396,17.3858,38.7483,0.8567,5.0212,4.6759,+14.5462,6.1227,0.002642,13.7892,0.038778,1.5910,1.3911
100251,-85.0,51,7.9816,18.3224,31.0533,1.4501,15.2344,8.8188,+10.3407,2.2956,0.002318,11.1054,0.038389,1.3131,1.7246
100252,-85.0,52,19.2048,18.9915,40.4149,3.8368,18.2794,7.2556,-0.2133,0.9889,0.001668,7.8518,0.039030,1.4242,1.3124
100253,-85.0,53,14.0009,18.7511,30.4689,1.0097,7.1546,13.0242,+4.7502,1.3393,0.003580,14.5175,0.040339,2.0175,1.7767
100254,-85.0,54,22.9249,23.6749,37.1345,1.7291,20.7037,18.8591,+0.7500,1.0327,0.002095,11.5697,0.039150,1.2307,1.2798
100255,-85.0,55,6.7240,21.7446,35.9105,4.2314,7.5123,8.5669,+15.0207,3.2339,0.002501,8.8871,0.039252,1.3181,1.5169
100256,-85.0,56,5.3171,20.3451,33.6338,2.6109,4.5017,11.5941,+15.0281,3.8264,0.002329,8.3592,0.039444,1.4382,1.8346
100257,-85.0,57,3.5943,20.9286,27.4389,2.5414,5.6202,4.9172,+17.3343,5.8227,0.002189,6.5788,0.040444,1.2383,1.4829
100258,-85.0,58,14.4396,22.7518,34.0318,0.7591,15.6649,11.6414,+8.3122,1.5757,0.004102,7.8874,0.040306,1.3959,1.3142
100259,-85.0,59,3.7842,16.3778,38.0729,3.0666,4.0677,2.5063,+12.5935,4.3279,0.001852,10.5778,0.036039,1.3737,1.8286
100260,-85.0,60,11.8185,20.9659,34.8109,1.9777,13.9249,5.7592,+9.1474,1.7740,0.001547,10.1423,0.035772,1.2590,1.2720
100261,-85.0,61,19.0410,27.1711,36.5383,3.5821,12.3883,11.1329,+8.1301,1.4270,0.001635,15.0814,0.042484,1.2346,1.3319
100262,-85.0,62,4.1066,19.9082,32.6644,4.3215,3.3151,5.1107,+15.8015,4.8478,0.001582,9.5226,0.037084,1.4136,1.3041
100263,-85.0,63,11.1862,21.1144,31.0350,2.0683,12.0527,12.6296,+9.9282,1.8875,0.002266,7.9812,0.038286,1.6358,1.1282
100264,-85.0,64,11.7584,25.0159,32.7505,4.1162,12.0359,5.9817,+13.2575,2.1275,0.001607,10.1551,0.037557,1.9554,2.1265
100265,-85.0,65,5.6221,23.3561,32.9215,1.8538,14.8815,2.9043,+17.7341,4.1544,0.001634,14.2413,0.039430,1.4572,1.4909
100266,-85.0,66,20.9964,25.5663,38.1573,1.2876,23.3382,9.5757,+4.5699,1.2176,0.002569,12.7848,0.039963,1.4307,1.1572
100267,-85.0,67,19.4903,20.6993,32.4990,1.3444,12.5616,10.6355,+1.2090,1.0620,0.002247,12.9856,0.040058,1.4488,1.4318
100268,-85.0,68,14.0723,22.1724,33.9668,2.4407,9.8315,9.5487,+8.1001,1.5756,0.002026,11.3988,0.049565,1.4701,1.3090
100269,-85.0,69,9.2654,20.1144,37.3250,2.7324,12.3523,15.1243,+10.8490,2.1709,0.002440,11.3524,0.044789,1.6044,1.3676
100270,-85.0,70,11.9379,23.9730,32.0927,1.2545,13.3196,10.8384,+12.0351,2.0081,0.002283,10.9281,0.039471,1.4355,1.4737
100271,-85.0,71,5.9274,22.2135,34.8246,1.4833,9.6211,15.2748,+16.2861,3.7476,0.001472,9.1716,0.039224,1.2056,1.7307
100272,-85.0,72,6.7432,19.6074,29.2007,2.1875,13.5302,12.6125,+12.8641,2.9077,0.002345,11.1845,0.039864,1.2543,1.3902
100273,-85.0,73,8.5870,22.8891,33.9212,2.5023,11.4771,8.3236,+14.3021,2.6655,0.003284,13.0517,0.039840,1.5069,1.3823
100274,-85.0,74,21.0939,22.2995,41.7835,2.4100,24.8014,11.3012,+1.2056,1.0572,0.001642,7.9798,0.043279,1.5715,1.5633
100275,-85.0,75,2.3884,27.3117,34.8443,0.9300,2.5084,4.5377,+24.9233,11.4352,0.002438,8.8479,0.045857,1.3534,1.3517
100276,-85.0,76,21.5525,22.3003,34.7272,1.5435,13.7887,12.1252,+0.7478,1.0347,0.002254,7.4795,0.045259,1.4314,1.1740
100277,-85.0,77,18.1160,21.3501,48.8803,2.8165,19.4566,14.2609,+3.2341,1.1785,0.002126,9.1164,0.043955,1.1947,1.3464
100278,-85.0,78,4.8905,23.3716,31.9178,2.7743,4.7995,3.5375,+18.4811,4.7789,0.002486,7.5109,0.048030,1.1649,1.0378
100279,-85.0,79,21.3527,23.7108,40.9379,3.8285,13.3742,21.2245,+2.3581,1.1104,0.001809,8.6059,0.042929,1.3220,1.1848
100280,-85.0,80,5.4199,18.8754,41.5910,3.3407,7.0555,5.3355,+13.4555,3.4826,0.001892,10.3430,0.044873,1.2155,1.2129
100281,-85.0,81,19.4374,25.3604,38.7702,2.1682,18.4062,15.1044,+5.9230,1.3047,0.004111,20.1478,0.042601,1.2628,1.3855
100282,-85.0,82,18.6920,26.8804,33.2866,2.6871,9.0094,9.2971,+8.1884,1.4381,0.002742,19.5417,0.040137,1.5882,1.5181
100283,-85.0,83,5.0261,17.5878,33.7047,3.4575,10.1952,13.3836,+12.5617,3.4993,0.002164,14.1200,0.040216,1.7656,1.5774
100284,-85.0,84,6.5814,22.0059,32.2323,1.8524,10.3419,3.4976,+15.4244,3.3436,0.002384,10.6922,0.043256,1.3591,1.2231
100285,-85.0,85,13.5806,17.6010,38.5383,2.3101,11.7039,4.8325,+4.0204,1.2960,0.003557,9.1956,0.045085,1.4624,1.2705
100286,-85.0,86,10.1468,19.6912,33.6488,1.0568,10.5076,7.3033,+9.5444,1.9406,0.002066,12.3854,0.037503,1.1313,1.2825
100287,-85.0,87,20.5800,21.2010,41.8767,1.3121,18.0174,16.5295,+0.6210,1.0302,0.002037,8.9076,0.039814,1.4099,1.4858
100288,-85.0,88,12.0057,23.8527,42.5406,0.8977,16.3328,18.0552,+11.8471,1.9868,0.002233,12.9685,0.040609,1.2136,1.4183
100289,-85.0,89,4.8035,25.7338,36.1330,1.6193,4.5899,11.4727,+20.9303,5.3573,0.002990,7.9009,0.043226,1.2622,1.2688
100290,-85.0,90,2.0064,14.9545,29.4731,1.3350,2.2984,2.0282,+12.9481,7.4535,0.002305,5.9239,0.037953,1.4120,1.2378
100291,-85.0,91,8.2959,21.3265,32.9733,0.6199,9.5899,22.8370,+13.0307,2.5707,0.004668,15.5578,0.044140,1.1901,1.2599
100292,-85.0,92,10.8777,26.9826,35.6716,0.8053,12.1517,10.0076,+16.1049,2.4805,0.004087,10.0514,0.043434,1.5937,1.3481
100293,-85.0,93,1.5447,21.2148,32.6195,3.7064,1.3080,6.7790,+19.6701,13.7343,0.002793,8.6498,0.042370,1.4907,1.3388
100294,-85.0,94,5.0323,20.8176,30.1862,3.5891,4.1777,9.8033,+15.7853,4.1368,0.002248,6.5572,0.043324,1.2928,1.3462
100295,-85.0,95,8.0115,20.9604,29.8311,2.6127,10.6032,6.4121,+12.9489,2.6163,0.002214,12.3249,0.042680,1.2530,1.1225
100296,-85.0,96,6.5670,19.6374,44.1585,0.8611,12.4486,15.8977,+13.0704,2.9903,0.002492,24.8747,0.043716,1.3453,1.4507
100297,-85.0,97,4.2295,22.4798,28.3617,2.9857,6.0329,4.1657,+18.2504,5.3151,0.003003,10.1183,0.041561,1.4706,1.4049
100298,-85.0,98,5.4275,18.8422,30.3887,2.8742,7.7732,9.0659,+13.4147,3.4716,0.001651,8.4556,0.042164,1.3142,1.6229
100299,-85.0,99,7.0566,23.0379,31.6144,1.9876,9.4910,12.4606,+15.9813,3.2647,0.001754,6.4161,0.037553,1.3343,1.3950
100300,-80.0,0,6.4295,19.4068,33.4007,4.9716,8.0849,2.7166,+12.9773,3.0184,0.001621,10.3707,0.037154,1.2487,1.5387
100301,-80.0,1,2.3043,15.4747,31.7800,1.7780,3.0559,1.8141,+13.1704,6.7156,0.001928,6.9950,0.039866,1.1998,1.2021
100302,-80.0,2,2.9566,22.5711,39.1844,2.8560,2.3870,6.4560,+19.6146,7.6343,0.002260,7.7220,0.040925,1.2606,1.3300
100303,-80.0,3,2.3306,17.8849,35.4271,1.8438,1.5865,8.4981,+15.5543,7.6739,0.002212,6.5722,0.038721,1.1906,1.2658
100304,-80.0,4,13.9678,22.8888,37.8820,3.6101,16.2403,10.2680,+8.9210,1.6387,0.003559,7.6340,0.041764,1.7302,1.6294
100305,-80.0,5,9.6619,19.9484,36.4647,0.8188,8.2601,3.9410,+10.2864,2.0646,0.001976,13.1190,0.035275,1.6654,2.0391
100306,-80.0,6,5.7371,19.3335,37.1047,2.9765,5.8550,5.3414,+13.5964,3.3699,0.003235,12.0420,0.040653,1.1817,1.6533
100307,-80.0,7,10.1401,17.7341,30.9088,2.4550,6.4053,3.9184,+7.5939,1.7489,0.002201,5.6288,0.040381,1.1872,1.5461
100308,-80.0,8,3.8864,17.1528,32.8715,0.7625,3.6526,3.4895,+13.2664,4.4135,0.001669,6.9995,0.039432,1.4559,1.1411
100309,-80.0,9,12.3874,19.1987,35.3382,2.6758,16.5944,12.2847,+6.8113,1.5499,0.001976,10.9144,0.037605,1.5560,1.0673
100310,-80.0,10,4.5823,17.0166,32.3513,1.9950,10.3761,6.5676,+12.4343,3.7136,0.002308,8.4775,0.043069,1.3777,1.3299
100311,-80.0,11,5.3762,19.0910,33.4482,1.6741,5.6936,10.3013,+13.7148,3.5510,0.001606,8.2341,0.036829,1.3038,1.3526
100312,-80.0,12,3.9873,19.0409,29.4470,1.6214,4.3193,3.0140,+15.0536,4.7754,0.002010,7.8356,0.041657,1.2061,1.2546
100313,-80.0,13,2.6318,22.6647,29.7399,0.9446,2.2142,4.3796,+20.0330,8.6119,0.002121,10.2178,0.047773,1.3892,1.2770
100314,-80.0,14,10.6246,17.4991,37.3912,1.6274,14.2094,12.7935,+6.8744,1.6470,0.003026,7.1018,0.037291,1.2324,1.3944
100315,-80.0,15,5.8343,23.3357,35.4211,4.6124,8.1921,8.2834,+17.5013,3.9997,0.002054,15.2907,0.041663,1.3241,1.1987
100316,-80.0,16,2.5182,22.8931,37.0123,1.1698,5.7363,4.5388,+20.3749,9.0911,0.001592,8.4786,0.038816,1.5509,1.4360
100317,-80.0,17,3.1359,27.2110,37.0256,0.6808,4.8885,3.4665,+24.0751,8.6772,0.002371,9.7752,0.039800,1.3277,1.1081
100318,-80.0,18,7.6880,18.6228,33.1790,1.0689,10.9169,3.2398,+10.9348,2.4223,0.002114,11.1208,0.042958,1.3008,1.2753
100319,-80.0,19,12.7050,22.7385,38.2279,1.3032,16.3912,11.9793,+10.0334,1.7897,0.002223,11.3810,0.040582,1.3275,1.5082
100320,-80.0,20,2.5842,17.9635,34.2178,1.7101,2.7127,3.2780,+15.3793,6.9514,0.002137,11.8077,0.040470,3.1727,2.3109
100321,-80.0,21,2.3338,23.0057,40.0469,2.2372,2.9964,6.0452,+20.6719,9.8576,0.002238,13.7414,0.037927,1.8874,2.0522
100322,-80.0,22,5.6607,27.3989,41.5050,1.9535,3.1833,10.3305,+21.7381,4.8402,0.002143,7.8282,0.038527,1.4996,1.3275
100323,-80.0,23,5.3831,17.3887,31.0285,2.2256,4.1793,6.6637,+12.0056,3.2302,0.002494,15.3074,0.038257,1.7774,2.0784
100324,-80.0,24,13.7778,24.2668,32.2274,1.8349,11.5236,5.1417,+10.4890,1.7613,0.001788,7.5577,0.039999,1.1741,1.2706
100325,-80.0,25,13.6862,25.9821,35.2095,1.8802,13.9788,7.5127,+12.2960,1.8984,0.003303,19.5821,0.032641,1.5399,1.2425
100326,-80.0,26,3.7770,21.9886,28.5527,0.8438,3.6465,5.4250,+18.2115,5.8217,0.001667,7.6629,0.041451,1.3629,1.2933
100327,-80.0,27,5.5926,18.8237,31.2286,1.0812,3.2971,8.7243,+13.2311,3.3658,0.002235,7.7682,0.040914,1.3360,1.2551
100328,-80.0,28,2.1730,21.4148,29.7677,2.1164,2.8638,2.3011,+19.2417,9.8547,0.001633,8.7466,0.036392,1.4736,1.5829
100329,-80.0,29,7.9898,17.0190,42.9190,1.1495,8.7006,4.7686,+9.0292,2.1301,0.002089,11.4986,0.042499,1.3893,1.1399
100330,-80.0,30,10.0602,24.3058,35.4898,2.6085,9.7007,8.3231,+14.2457,2.4160,0.002180,16.4518,0.042347,1.8188,2.6507
100331,-80.0,31,14.5847,23.3598,40.5856,0.8304,8.4501,5.9962,+8.7751,1.6017,0.002378,11.2970,0.038569,1.6175,1.6340
100332,-80.0,32,4.5625,19.9123,32.4835,2.2720,3.8264,7.9256,+15.3498,4.3644,0.002248,8.4413,0.052502,1.5273,1.3612
100333,-80.0,33,3.8017,23.8541,32.2620,2.1627,4.8648,5.8570,+20.0525,6.2747,0.002884,11.6029,0.043059,1.3969,1.2742
100334,-80.0,34,7.6638,21.8343,31.0806,1.2549,5.1131,5.4941,+14.1705,2.8490,0.002142,8.5023,0.043849,1.2895,1.3691
100335,-80.0,35,6.0561,23.1869,31.5836,2.2819,9.5870,8.5837,+17.1308,3.8287,0.001656,13.9143,0.044757,1.5233,2.2882
100336,-80.0,36,13.3416,23.1125,39.2861,2.6487,12.3398,20.0597,+9.7709,1.7324,0.002924,9.2283,0.047331,1.5179,1.3461
100337,-80.0,37,2.2704,14.5086,32.0128,1.5972,2.3561,2.1087,+12.2382,6.3903,0.001671,7.6428,0.044189,1.3274,1.2491
100338,-80.0,38,9.2009,19.3156,29.6406,1.4400,5.8281,12.4612,+10.1147,2.0993,0.002538,7.6592,0.043913,1.3958,1.2828
100339,-80.0,39,4.6133,23.2104,37.9039,1.6851,5.0579,12.5036,+18.5971,5.0312,0.002830,7.7935,0.044906,1.2310,1.1790
100340,-80.0,40,5.8862,24.2647,39.2993,1.5217,8.4004,7.3009,+18.3784,4.1223,0.002216,9.0708,0.045622,1.2484,1.1566
100341,-80.0,41,13.5620,22.9810,33.5780,0.9238,9.7645,11.7463,+9.4191,1.6945,0.002318,8.2354,0.043582,1.3335,1.2435
100342,-80.0,42,6.6747,21.0406,37.5827,1.3078,9.9840,8.9544,+14.3659,3.1523,0.001663,10.9676,0.047622,1.2698,1.2412
100343,-80.0,43,6.5884,19.9792,34.6211,1.7755,11.9267,8.1063,+13.3907,3.0325,0.002368,19.1260,0.046424,1.5663,1.5168
100344,-80.0,44,4.9062,20.6300,34.8101,1.9151,4.7424,3.5171,+15.7238,4.2049,0.047486,9.0620,0.085050,1.2819,1.3716
100345,-80.0,45,4.8061,20.5037,34.3589,0.4793,5.7604,5.4160,+15.6976,4.2662,0.003473,9.5687,0.072822,1.2497,1.1589
100346,-80.0,46,7.7271,18.6010,31.1766,1.0932,6.6573,7.9925,+10.8740,2.4073,0.001678,14.1399,0.041680,1.1358,1.2339
100347,-80.0,47,9.6851,17.7342,37.9356,2.1418,15.1720,5.4301,+8.0491,1.8311,0.001716,7.4038,0.044896,1.1836,1.2244
100348,-80.0,48,12.8779,19.8991,35.8999,1.6888,12.1232,9.9831,+7.0212,1.5452,0.001777,8.6744,0.044752,1.1884,1.1410
100349,-80.0,49,8.8292,20.4525,35.8242,2.9668,6.7083,4.8730,+11.6233,2.3165,0.002723,10.4892,0.046266,1.3553,1.2019
100350,-80.0,50,15.7129,22.2487,43.3959,2.9268,22.7406,14.3053,+6.5358,1.4159,0.002305,7.9376,0.045965,1.2716,1.1300
100351,-80.0,51,9.9157,20.0978,39.0779,2.5346,9.4135,7.0987,+10.1821,2.0269,0.002638,7.8212,0.046713,1.2006,1.3735
100352,-80.0,52,3.8387,24.0122,34.6814,2.7595,4.2563,5.5645,+20.1735,6.2553,0.002608,9.2181,0.044941,1.1967,1.3103
100353,-80.0,53,4.6439,21.5056,32.9264,0.9312,5.2218,3.0661,+16.8617,4.6309,0.003392,7.4779,0.045677,1.2337,1.1769
100354,-80.0,54,7.1949,26.7333,35.9681,0.9147,7.8342,18.5459,+19.5384,3.7156,0.003054,11.5726,0.044379,1.3412,1.4917
100355,-80.0,55,10.7052,23.3522,35.1584,1.5296,5.2916,1.8733,+12.6470,2.1814,0.002677,12.1133,0.044516,1.4065,1.1949
100356,-80.0,56,5.0007,17.9498,30.7555,2.5090,7.4431,7.7112,+12.9492,3.5895,0.003572,10.9885,0.043821,1.2904,1.2459
100357,-80.0,57,1.9432,16.2188,32.0166,1.5945,2.3381,2.1337,+14.2756,8.3464,0.001679,7.6491,0.042139,1.2721,1.1288
100358,-80.0,58,7.7454,20.8910,34.5865,1.1416,8.5803,9.2056,+13.1456,2.6972,0.002644,8.8470,0.042699,1.4343,1.6311
100359,-80.0,59,21.9619,25.6794,40.8353,2.2405,13.1711,15.0396,+3.7175,1.1693,0.002595,6.9103,0.045349,1.1978,1.2871
100360,-80.0,60,20.2640,20.3050,35.8073,2.1817,16.8136,8.1927,+0.0410,1.0020,0.002629,12.4204,0.046802,1.2817,1.2018
100361,-80.0,61,6.0746,19.5723,31.1102,1.3768,5.4712,5.6487,+13.4977,3.2220,0.002277,9.2433,0.045053,1.3239,1.2075
100362,-80.0,62,5.7412,22.4724,33.1693,3.5737,6.2706,5.4325,+16.7312,3.9142,0.002478,8.8944,0.047283,1.2754,1.1701
100363,-80.0,63,5.7462,26.0793,35.6896,1.0656,6.9978,13.1904,+20.3331,4.5385,0.003048,7.6113,0.048458,1.3304,1.3333
100364,-80.0,64,11.1355,21.7788,39.7626,2.0875,10.3338,11.5868,+10.6433,1.9558,0.002458,10.0037,0.046679,1.2791,1.0804
100365,-80.0,65,1.9153,19.1895,28.3705,2.4021,2.5585,2.9565,+17.2742,10.0191,0.002071,8.1179,0.047506,1.2803,1.3338
100366,-80.0,66,8.9098,22.6271,29.4616,2.4788,7.2826,5.9182,+13.7173,2.5396,0.002394,8.8992,0.047111,1.2442,1.2270
100367,-80.0,67,10.9214,25.5552,38.2756,1.2151,9.5337,10.5722,+14.6337,2.3399,0.002777,18.6055,0.047110,1.3780,1.2988
100368,-80.0,68,7.2644,20.6002,42.4834,1.9971,7.3243,6.0183,+13.3358,2.8358,0.003827,5.7971,0.047209,1.1857,1.1853
100369,-80.0,69,20.9311,27.9650,43.4563,3.5582,17.5972,22.5284,+7.0339,1.3360,0.002417,17.8370,0.039608,1.3126,1.2389
100370,-80.0,70,3.8935,27.9125,41.0945,0.5751,3.7478,11.4203,+24.0191,7.1691,0.002023,9.8033,0.042876,1.4552,1.4202
100371,-80.0,71,17.3318,25.5397,45.2434,1.3692,18.2017,25.1704,+8.2079,1.4736,0.002367,7.0749,0.045242,1.1401,1.2629
100372,-80.0,72,3.1401,16.8232,31.4820,1.3261,2.3290,2.3138,+13.6831,5.3576,0.002262,8.5351,0.046374,1.3856,1.3264
100373,-80.0,73,4.0693,21.6359,28.9467,3.2661,4.1629,2.8957,+17.5666,5.3168,0.002501,9.9266,0.047949,1.3564,1.2912
100374,-80.0,74,8.1751,28.0650,36.9855,2.4087,7.0288,10.8687,+19.8899,3.4330,0.002818,15.8422,0.050635,1.2721,1.2170
100375,-80.0,75,5.7837,24.9823,33.6893,2.5669,6.8283,7.0116,+19.1986,4.3194,0.002238,8.1684,0.045073,1.3213,1.4978
100376,-80.0,76,8.9634,21.7534,35.1804,3.1954,10.4474,7.1309,+12.7900,2.4269,0.002903,8.5777,0.039089,1.1810,1.1543
100377,-80.0,77,10.0753,27.0299,38.6762,2.4279,7.7175,5.5104,+16.9546,2.6828,0.001853,5.8941,0.038015,1.4121,1.4533
100378,-80.0,78,6.4603,20.6942,34.2192,1.4257,7.4157,10.9819,+14.2339,3.2033,0.001670,14.1903,0.039663,1.4494,1.3222
100379,-80.0,79,11.0952,25.8679,39.6064,2.3453,12.6058,11.7455,+14.7727,2.3315,0.001871,7.9179,0.038691,1.4775,1.3020
100380,-80.0,80,6.6012,24.4357,35.6016,0.8734,8.2441,4.2629,+17.8345,3.7017,0.002119,17.4706,0.041243,1.4674,1.1794
100381,-80.0,81,8.2849,24.8723,35.2233,2.6339,8.4374,8.4270,+16.5874,3.0021,0.001731,15.5211,0.035831,1.2167,1.3807
100382,-80.0,82,11.8421,25.0433,40.3590,0.8418,7.9656,12.8885,+13.2012,2.1148,0.001914,9.6054,0.038272,1.3185,1.3254
100383,-80.0,83,5.2711,25.2398,34.7877,2.2024,4.8724,6.5183,+19.9688,4.7884,0.001948,9.5962,0.039404,1.3445,1.2550
100384,-80.0,84,5.6049,24.0845,35.5093,2.1651,6.4040,5.2667,+18.4797,4.2971,0.002070,13.5330,0.040185,1.1199,1.1607
100385,-80.0,85,3.3546,23.4888,37.9769,3.1044,3.7577,9.8821,+20.1342,7.0020,0.001556,12.0943,0.037163,1.1418,1.2828
100386,-80.0,86,5.2340,17.4572,43.6215,3.1151,6.6494,5.1011,+12.2232,3.3353,0.001657,7.9850,0.039901,1.4121,1.3412
100387,-80.0,87,3.5899,18.4838,35.9617,0.4203,9.9822,2.5052,+14.8939,5.1488,0.002153,11.5720,0.035374,1.2876,1.3449
100388,-80.0,88,14.6604,24.2681,36.7291,1.0827,11.2019,10.9451,+9.6077,1.6553,0.002153,18.6285,0.040935,1.5365,1.8903
100389,-80.0,89,3.0949,19.0933,33.7398,1.1732,2.6674,2.9373,+15.9984,6.1693,0.002329,9.3028,0.042666,1.4726,1.3321
100390,-80.0,90,3.3306,19.3292,29.8924,1.9897,5.7398,8.9421,+15.9987,5.8036,0.001805,7.9672,0.037857,1.4783,1.2707
100391,-80.0,91,5.8288,22.1980,29.4484,3.1092,4.0397,10.1049,+16.3692,3.8083,0.001579,10.0287,0.036362,1.3659,1.3793
100392,-80.0,92,2.7912,18.5708,30.7588,1.1196,2.2023,6.1650,+15.7795,6.6532,0.002816,8.4175,0.039987,1.4050,1.2019
100393,-80.0,93,2.5537,23.9564,37.4461,1.4740,2.1890,2.4734,+21.4027,9.3810,0.001611,8.2030,0.034307,1.5712,1.2554
100394,-80.0,94,7.7206,17.9033,32.2136,1.8005,8.3377,8.0817,+10.1827,2.3189,0.002512,9.6317,0.040651,1.4086,1.4660
100395,-80.0,95,3.0872,18.2514,32.3832,2.8677,4.2406,3.1561,+15.1643,5.9121,0.002317,10.3164,0.038988,1.5880,1.3181
100396,-80.0,96,6.2946,24.0581,35.5245,1.5378,16.7508,6.0166,+17.7636,3.8221,0.001932,13.7956,0.039099,1.3233,1.2261
100397,-80.0,97,11.9502,19.7795,40.4452,1.7199,16.4087,16.2455,+7.8293,1.6552,0.002009,12.7242,0.041053,1.4820,1.5990
100398,-80.0,98,5.0592,19.4324,29.2291,2.0983,4.6416,4.0829,+14.3732,3.8410,0.002260,9.8288,0.038632,1.1605,1.3461
100399,-80.0,99,8.3475,20.5124,32.4029,2.2245,9.1713,6.6883,+12.1649,2.4573,0.002759,8.4531,0.041060,1.4956,1.3839
100400,-70.0,0,7.3741,18.6721,41.1396,1.2951,4.5153,6.3825,+11.2979,2.5321,0.001698,9.0355,0.036257,1.2666,1.1491
100401,-70.0,1,4.3161,16.8728,29.3189,4.1901,4.5571,2.9052,+12.5567,3.9093,0.001593,8.7832,0.034442,1.4822,1.1363
100402,-70.0,2,7.4106,22.8553,40.8600,2.5489,8.7137,5.3329,+15.4448,3.0842,0.002186,14.9215,0.040610,1.4155,1.3480
100403,-70.0,3,3.5723,17.7482,26.8068,1.6353,4.2590,3.0107,+14.1759,4.9683,0.001637,12.9611,0.037512,1.3228,1.2527
100404,-70.0,4,2.0290,12.3246,33.7268,1.3126,1.8488,2.5191,+10.2957,6.0743,0.001919,8.0718,0.043085,1.3397,1.1635
100405,-70.0,5,2.6678,15.1791,31.7149,1.9088,2.9677,2.3003,+12.5113,5.6898,0.003360,12.3289,0.037943,1.2061,1.2818
100406,-70.0,6,1.9220,24.3160,44.7382,3.5905,2.4752,2.0129,+22.3940,12.6512,0.001581,6.0477,0.036435,1.2136,1.2233
100407,-70.0,7,11.0492,16.8635,38.7723,0.8530,11.2823,7.0502,+5.8144,1.5262,0.002425,12.3428,0.038904,1.5598,1.4943
100408,-70.0,8,1.8058,15.1522,35.1595,2.5956,0.7680,2.9120,+13.3463,8.3907,0.001784,10.8583,0.036360,1.4823,1.7602
100409,-70.0,9,2.2520,16.7213,30.3256,4.7627,1.5775,1.5589,+14.4693,7.4251,0.001535,9.7456,0.035567,1.3146,1.7165
100410,-70.0,10,1.7554,25.4426,31.6798,1.7516,3.8465,5.4005,+23.6872,14.4937,0.001785,7.4778,0.034577,1.3403,1.1861
100411,-70.0,11,4.0411,19.5751,43.6557,2.1661,6.1426,2.3726,+15.5341,4.8440,0.002072,7.3073,0.039534,1.1545,1.1653
100412,-70.0,12,5.1788,14.2132,40.4188,2.4194,4.5633,2.4131,+9.0345,2.7445,0.003768,7.7120,0.038546,1.3169,1.2826
100413,-70.0,13,2.7098,12.3141,30.2095,2.3315,3.1504,2.0875,+9.6044,4.5444,0.001703,11.3223,0.039145,1.1919,1.2433
100414,-70.0,14,5.7737,19.8307,38.3245,2.7628,3.7796,3.4528,+14.0570,3.4347,0.003054,7.9206,0.036142,1.2334,1.3543
100415,-70.0,15,2.1750,13.1689,34.0797,4.9476,2.4063,2.9308,+10.9939,6.0547,0.001891,9.9585,0.039277,1.1630,1.1460
100416,-70.0,16,7.8956,21.5486,47.1006,2.1990,8.3484,11.5214,+13.6531,2.7292,0.003744,8.4816,0.037871,1.3656,1.1600
100417,-70.0,17,3.6278,18.2941,33.7980,2.2701,1.5925,2.7451,+14.6663,5.0428,0.001618,10.5637,0.037732,1.4109,1.4019
100418,-70.0,18,1.8296,23.7015,33.0550,2.5490,2.3244,1.2140,+21.8720,12.9547,0.002290,10.4869,0.041179,1.4485,1.4419
100419,-70.0,19,3.8718,20.2793,39.2443,0.2586,3.9317,2.9749,+16.4075,5.2378,0.001863,7.9237,0.038301,1.5560,1.4180
100420,-70.0,20,2.7665,25.3274,37.8100,2.2455,2.3751,2.4537,+22.5609,9.1549,0.002187,11.6569,0.039141,1.2711,1.2696
100421,-70.0,21,5.7156,21.5170,35.2022,1.7449,3.4134,3.5274,+15.8014,3.7646,0.002981,10.2236,0.042567,1.5307,1.3720
100422,-70.0,22,3.0265,23.6739,33.3132,2.6480,3.8896,2.3015,+20.6474,7.8222,0.001933,8.2980,0.042208,1.5489,1.2878
100423,-70.0,23,5.7206,26.4499,34.4936,1.4655,4.4871,6.7954,+20.7293,4.6236,0.001670,20.9462,0.040213,1.3251,1.2408
100424,-70.0,24,4.6316,26.4780,33.9927,4.2076,3.3691,2.9671,+21.8465,5.7169,0.002727,8.8958,0.037848,1.4542,1.2059
100425,-70.0,25,2.1851,16.6614,29.5574,2.4747,2.0497,1.6401,+14.4763,7.6251,0.002244,8.2836,0.041194,1.3951,1.4390
100426,-70.0,26,3.4983,21.8417,44.4002,2.8319,3.4225,3.8009,+18.3435,6.2436,0.002154,7.9358,0.037190,1.2638,1.6505
100427,-70.0,27,2.4942,19.1396,32.9012,2.4375,1.4696,2.5589,+16.6454,7.6736,0.002267,6.1718,0.039490,1.1402,1.2344
100428,-70.0,28,2.8099,20.3169,31.7523,1.4645,4.7605,2.1180,+17.5069,7.2303,0.002204,10.1190,0.039415,1.6190,1.1992
100429,-70.0,29,2.6602,14.7155,33.5715,3.8261,2.1762,2.5767,+12.0553,5.5317,0.001507,11.3165,0.037434,1.4800,1.3869
100430,-70.0,30,2.8404,25.0048,34.9648,2.6061,3.8150,4.5382,+22.1644,8.8033,0.003604,10.6642,0.038418,1.1784,1.1496
100431,-70.0,31,5.8945,24.5847,39.2187,1.8246,4.7949,3.0940,+18.6902,4.1708,0.001846,9.2133,0.039872,1.4521,1.8994
100432,-70.0,32,1.9132,15.8629,30.8431,2.2702,3.8227,1.3920,+13.9497,8.2913,0.001639,7.8784,0.039203,1.2452,1.1739
100433,-70.0,33,2.6746,14.2123,32.8210,3.3928,2.5155,1.9926,+11.5377,5.3139,0.001529,10.6567,0.036116,1.1870,1.3287
100434,-70.0,34,1.9035,9.7606,30.7510,1.8867,1.9175,1.4927,+7.8572,5.1278,0.001606,6.6127,0.042401,1.4230,1.2777
100435,-70.0,35,2.9283,18.0585,36.7036,1.7639,2.6549,3.9054,+15.1302,6.1669,0.002491,14.3368,0.040060,1.5195,1.3252
100436,-70.0,36,2.2252,25.8112,35.6913,1.7274,3.4098,2.7123,+23.5860,11.5994,0.001863,17.6757,0.043805,1.3970,1.2336
100437,-70.0,37,2.1895,22.6081,32.8010,3.2941,1.9844,2.0648,+20.4185,10.3255,0.001599,8.0066,0.040120,1.3659,1.3568
100438,-70.0,38,4.4006,17.8414,35.4489,2.0378,3.5021,4.3648,+13.4408,4.0543,0.001603,8.6415,0.038269,1.3169,1.3385
100439,-70.0,39,11.4589,12.4566,43.7529,2.0082,8.9555,1.8301,+0.9977,1.0871,0.002433,18.3429,0.039680,1.3634,1.3648
100440,-70.0,40,5.9097,23.0479,35.4788,3.7813,6.0062,4.9678,+17.1382,3.9000,0.001721,8.6916,0.036280,1.3104,1.3768
100441,-70.0,41,9.4645,16.7815,35.5052,2.3074,10.4108,7.8053,+7.3170,1.7731,0.001923,21.2662,0.036424,2.8531,3.4872
100442,-70.0,42,4.6362,18.2682,35.5367,1.7351,4.6632,4.9527,+13.6320,3.9403,0.001636,10.8913,0.039369,1.5809,1.6184
100443,-70.0,43,2.2562,16.8605,34.7363,3.8813,4.5139,0.9921,+14.6043,7.4731,0.004110,35.4424,0.038864,1.5687,1.3829
100444,-70.0,44,1.9028,19.7587,31.5987,0.7230,2.5002,3.2625,+17.8559,10.3841,0.002353,6.4765,0.036832,1.0950,1.1171
100445,-70.0,45,4.2552,20.7417,36.1344,0.9716,3.5719,3.2817,+16.4866,4.8745,0.001794,11.1586,0.041638,1.1797,1.1525
100446,-70.0,46,1.5608,15.2544,30.2109,2.2368,1.9045,1.9333,+13.6936,9.7736,0.002035,6.4109,0.040021,1.3191,1.1756
100447,-70.0,47,3.0762,21.5514,38.0756,1.2107,2.5534,2.6262,+18.4752,7.0058,0.002144,10.9528,0.041576,1.3160,1.1780
100448,-70.0,48,3.8733,26.5894,38.4991,1.7123,4.2767,10.3358,+22.7160,6.8647,0.002120,8.0183,0.043025,1.3015,1.4916
100449,-70.0,49,7.1270,24.4945,37.5707,0.3955,8.1237,9.4233,+17.3675,3.4369,0.002452,14.9516,0.038060,1.3364,1.2882
100450,-70.0,50,2.2879,15.1717,36.2555,1.7790,2.4261,2.8666,+12.8837,6.6312,0.002425,10.5604,0.041658,1.6267,2.5371
100451,-70.0,51,2.2736,16.4066,42.2340,1.5645,3.7462,2.6309,+14.1330,7.2163,0.003155,9.4296,0.039924,1.5037,1.6907
100452,-70.0,52,5.6231,28.0298,42.7291,2.0197,5.1809,4.9073,+22.4066,4.9847,0.002142,12.2861,0.041625,1.5716,1.3333
100453,-70.0,53,4.8712,23.6202,32.6631,3.5870,3.4596,1.8173,+18.7490,4.8489,0.001494,9.3162,0.038050,1.2889,1.2344
100454,-70.0,54,3.6536,26.7473,47.3814,2.1080,6.5099,8.3182,+23.0938,7.3209,0.001871,8.6018,0.035185,1.1362,1.1581
100455,-70.0,55,1.2939,14.2436,34.9431,2.4316,1.9220,4.0457,+12.9497,11.0084,0.004116,8.5347,0.038540,1.7713,1.4573
100456,-70.0,56,1.9811,17.7388,28.9829,2.1055,1.7149,2.5045,+15.7577,8.9541,0.002491,11.1947,0.035962,1.2673,1.3656
100457,-70.0,57,1.6992,19.8144,26.9495,1.2216,2.0305,6.3082,+18.1152,11.6610,0.003653,7.7369,0.038568,1.2760,1.3628
100458,-70.0,58,2.5092,19.3968,33.5171,2.7366,4.2807,3.1913,+16.8876,7.7303,0.001833,7.7881,0.040420,1.1510,1.0865
100459,-70.0,59,2.1985,15.0340,30.2513,1.9990,1.9124,1.7912,+12.8356,6.8384,0.001812,7.6119,0.041404,1.1898,0.9927
100460,-70.0,60,2.8784,14.5228,35.0058,1.6778,2.6378,3.3244,+11.6444,5.0455,0.001731,6.1920,0.037623,1.1515,1.2011
100461,-70.0,61,6.4411,27.5952,41.9517,2.0863,4.9480,5.8617,+21.1541,4.2842,0.002138,9.0233,0.038238,1.2675,1.1116
100462,-70.0,62,3.0463,22.3143,32.4219,2.3861,2.9748,2.3773,+19.2680,7.3251,0.001869,7.4770,0.037615,1.2506,1.1508
100463,-70.0,63,5.6360,20.1190,38.8892,3.0339,3.8528,6.1377,+14.4830,3.5697,0.002138,15.8713,0.038815,1.5008,1.4037
100464,-70.0,64,3.7452,18.6099,33.2943,4.6117,2.7290,5.1301,+14.8647,4.9690,0.001636,9.2597,0.036506,1.6348,1.3645
100465,-70.0,65,4.4832,14.9027,35.8465,3.7308,5.4552,3.4873,+10.4195,3.3241,0.002175,13.6319,0.039123,1.2256,1.1459
100466,-70.0,66,1.9785,20.7920,38.0289,1.2135,2.4797,1.5929,+18.8135,10.5092,0.001607,7.3189,0.036266,1.1289,1.0671
100467,-70.0,67,1.4085,22.7860,39.8032,1.7677,1.6062,3.8705,+21.3775,16.1774,0.002031,8.1712,0.041798,1.3050,1.1516
100468,-70.0,68,3.4219,9.9721,32.8044,1.8933,2.4146,2.0273,+6.5502,2.9142,0.002107,9.8687,0.038823,1.4991,1.3760
100469,-70.0,69,2.0436,20.2942,35.1252,2.7754,2.3653,4.8654,+18.2507,9.9308,0.002238,7.6603,0.040890,1.1088,1.1829
100470,-70.0,70,2.5955,25.5308,37.2204,0.7142,2.1127,4.3742,+22.9354,9.8367,0.002157,8.8346,0.039206,1.0367,1.8472
100471,-70.0,71,2.7922,16.5215,28.1421,1.6095,2.2649,3.3759,+13.7293,5.9170,0.001875,15.6622,0.036242,1.2107,1.1026
100472,-70.0,72,2.5869,18.0299,29.8137,1.9862,2.0341,2.0367,+15.4429,6.9696,0.002199,6.1628,0.039354,1.2921,1.2613
100473,-70.0,73,4.4900,22.9269,32.7838,3.1515,6.3380,5.5379,+18.4369,5.1063,0.001685,8.8611,0.039585,1.1810,1.1679
100474,-70.0,74,3.3177,17.5896,32.4752,2.8364,3.3604,4.2964,+14.2719,5.3018,0.003576,9.2034,0.041222,1.3328,1.0965
100475,-70.0,75,5.7869,16.9878,41.4206,1.9476,4.5122,3.4807,+11.2010,2.9356,0.001624,7.8314,0.041064,1.4674,1.2978
100476,-70.0,76,2.3837,25.0907,32.4306,1.9626,4.8320,2.4542,+22.7070,10.5258,0.002708,8.9017,0.034035,1.1889,1.2025
100477,-70.0,77,1.8930,16.5842,34.2106,2.0842,2.4561,2.9452,+14.6913,8.7609,0.001884,7.5904,0.038837,1.3779,1.1956
100478,-70.0,78,2.9991,18.3259,36.2482,2.6604,4.4133,5.0105,+15.3268,6.1105,0.001876,10.7726,0.036858,1.1809,1.2150
100479,-70.0,79,3.1341,11.5565,30.2168,1.1502,4.2825,1.9289,+8.4224,3.6874,0.001563,7.3017,0.037355,1.2332,1.2333
100480,-70.0,80,2.2811,22.9777,45.7741,1.9859,3.5471,7.0668,+20.6967,10.0731,0.001599,15.6296,0.034589,1.1562,1.0506
100481,-70.0,81,2.0171,20.0905,30.4851,1.5413,1.6255,2.7355,+18.0734,9.9603,0.003687,7.4963,0.037508,1.5172,1.0900
100482,-70.0,82,1.6196,10.2035,32.3310,1.9440,1.5736,2.1248,+8.5839,6.3000,0.001617,58.8296,0.038331,1.3076,1.0681
100483,-70.0,83,7.1755,19.1428,29.0399,2.3029,5.9485,4.7208,+11.9673,2.6678,0.003339,15.3652,0.039643,1.7115,1.1655
100484,-70.0,84,7.8729,21.8366,45.1130,0.3990,7.0918,5.8301,+13.9637,2.7736,0.002083,8.4460,0.041424,1.2065,1.2821
100485,-70.0,85,5.6765,25.1806,36.8671,2.4396,4.9556,7.5428,+19.5042,4.4360,0.001566,11.0687,0.036258,1.3392,1.1909
100486,-70.0,86,4.5242,21.8925,37.0312,2.2385,6.0544,2.6551,+17.3683,4.8390,0.001581,9.9147,0.037106,1.4764,1.3505
100487,-70.0,87,2.3820,17.4051,34.0228,0.4088,3.7895,1.7722,+15.0231,7.3071,0.004205,7.5741,0.037270,1.1903,1.0946
100488,-70.0,88,2.4017,18.4029,31.1867,1.2198,2.9111,2.2273,+16.0012,7.6624,0.002354,9.1457,0.038089,1.4341,1.2465
100489,-70.0,89,2.7507,14.5452,27.4572,1.5536,1.7821,2.5994,+11.7945,5.2878,0.002105,6.5969,0.039930,1.2241,1.3289
100490,-70.0,90,2.8699,15.1788,54.0076,3.0389,3.0482,2.3734,+12.3089,5.2890,0.001741,13.6538,0.035390,1.3242,1.1952
100491,-70.0,91,2.5886,22.8203,35.0228,1.3782,3.0537,5.6374,+20.2318,8.8159,0.002343,7.8290,0.035553,1.3554,1.4333
100492,-70.0,92,2.1182,10.7589,31.9490,2.1032,2.2497,2.3975,+8.6407,5.0792,0.002234,6.8925,0.040502,1.5136,1.3747
100493,-70.0,93,3.8644,13.1961,49.4942,1.4582,3.7078,7.2958,+9.3317,3.4148,0.001539,18.5632,0.044155,1.1585,1.2445
100494,-70.0,94,7.7139,27.1882,35.5501,1.5872,10.7046,9.7242,+19.4743,3.5246,0.002453,8.9199,0.039940,1.3118,1.2501
100495,-70.0,95,1.8279,24.9894,31.2871,1.7828,3.3328,3.1419,+23.1615,13.6709,0.001745,4.4945,0.039598,0.9710,1.0989
100496,-70.0,96,3.6678,27.7128,37.6994,3.6996,4.1336,3.6325,+24.0450,7.5557,0.001609,6.6379,0.044267,1.1525,0.9827
100497,-70.0,97,5.5162,16.8691,34.1635,1.3025,5.5311,2.8476,+11.3529,3.0581,0.003201,7.8253,0.042004,0.9065,0.9474
100498,-70.0,98,5.7716,20.5870,38.2452,2.4574,5.5410,2.5015,+14.8154,3.5669,0.001786,4.8067,0.036687,0.7867,0.9648
100499,-70.0,99,4.3579,16.8892,36.3779,3.1469,4.3965,4.3876,+12.5313,3.8755,0.001585,2.9517,0.033633,0.5917,0.6097
